epoch,training_loss,validation_loss
1,0.10515176442691258,0.07794859457015992
2,0.06935054064648492,0.05877815181016922
3,0.04826470894047192,0.042148147433996204
4,0.03737794486113957,0.035301766365766526
5,0.0316783959290811,0.031061934143304826
6,0.028038768842816354,0.028206616520881654
7,0.025172259581940516,0.025825912296772002
8,0.02323262152501515,0.025673144713044167
9,0.021806825493063245,0.02306702935695648
10,0.02003396418264934,0.021867418065667152
11,0.018763938497219766,0.020577012568712236
12,0.01742193120930876,0.019737004950642584
13,0.016789795345493727,0.019571190491318703
14,0.016061486219721182,0.018973232686519622
15,0.015417982224907194,0.01815248802304268
16,0.01458737080012049,0.01780026265978813
17,0.014209742723831109,0.017723675161600113
18,0.013747531541756222,0.017214613288640976
19,0.012999355986714364,0.016616129621863367
20,0.012642114178410598,0.01657282455265522
21,0.012221654980310371,0.01633818221092224
22,0.012227171261395726,0.016118051558732985
23,0.011751926871282714,0.015997599005699158
24,0.011432316793927125,0.015543700575828552
25,0.01107376471481153,0.015276766814291477
26,0.010910023010202817,0.01527500955760479
27,0.010697805134313447,0.015655131295323373
28,0.010625070848635265,0.01537546119093895
29,0.010274212614766189,0.014973406925797463
30,0.01018281141774995,0.015079629227519036
31,0.010109346086425441,0.014873987272381782
32,0.010084207067532198,0.015070149734616279
33,0.009886030094964164,0.014893714219331741
34,0.009806242898106575,0.015229605428874493
35,0.009827118696910995,0.014908962279558182
36,0.009528996719845704,0.014700087167322635
37,0.009513830771403654,0.014515991248190403
38,0.0094090226739645,0.014310607582330704
39,0.009125606400626046,0.014813027828931808
40,0.009266757654292242,0.014453143939375877
41,0.00919099606360708,0.014559905245900154
42,0.009002516954072884,0.014438136622309685
43,0.008812138382877623,0.014350669413805008
44,0.008738332107663154,0.014443668089807033
45,0.008801468401082924,0.014183201290667058
46,0.008792125582695008,0.014327043063938618
47,0.008911330643509116,0.014553875863552094
48,0.008680443378431456,0.014402501553297043
49,0.008673573339624064,0.01431228692829609
50,0.008580255856471403,0.014391405910253525
51,0.00848122900724411,0.014282553866505622
52,0.00855521517779146,0.014500267371535301
53,0.008499134265950748,0.014551206894218922
54,0.008484292466725623,0.014001517929136753
55,0.00831952549197844,0.014102730572223663
56,0.008297180720205818,0.014152523681521416
57,0.008296620063483716,0.01418086825311184
58,0.008337610721588135,0.01416485519707203
59,0.008391982441501957,0.014436628773808479
60,0.008208713863577162,0.013949210926890374
61,0.008276783916567053,0.014110592909157275
62,0.008140416294336318,0.014102491557598114
63,0.008073619755251067,0.014164019495248795
64,0.008014598061995847,0.014225504599511623
65,0.007972450386200633,0.013727209120988846
66,0.007899442260818823,0.014200047366321087
67,0.007968804599983352,0.014267052114009858
68,0.00804683965976749,0.014266475304961205
69,0.007872338525950909,0.01375171947479248
70,0.007777290655033929,0.013990058824419975
71,0.007849559942526476,0.01407291865348816
72,0.007909182425056185,0.014193280063569546
73,0.008025616556938205,0.014092917010188102
74,0.007921337542789323,0.013983635403215885
75,0.008010633593159063,0.014444666102528573
76,0.008171673379838467,0.014262575924396515
77,0.007897065342536994,0.01435171365737915
78,0.008003903511379445,0.014248360216617585
79,0.008042881850685392,0.014186159707605839
80,0.007929189629852772,0.014431296497583389
81,0.007853375595595156,0.014020359441637993
82,0.007743482524795192,0.013916392423212529
83,0.007797284120959895,0.014128009274601937
84,0.007834189728966781,0.014187896840274335
85,0.007838430268423898,0.014336199626326561
86,0.008004135061587606,0.014019401207566262
87,0.007855322489781038,0.014556298196315766
88,0.007989185135279383,0.01418362657725811
89,0.007794617448534285,0.013797808200120927
90,0.007721444358783109,0.014340062238276005
91,0.007747061743267945,0.014374721691012383
92,0.007599713410649981,0.01420678324997425
93,0.007804289228149823,0.014038937531411649
94,0.0076242323294281955,0.013925229534506797
95,0.007688473221446787,0.013806357860565185
96,0.007673923990556172,0.014042500831186772
97,0.007665166109800339,0.014171142235398292
98,0.00760840708602752,0.013924393951892853
99,0.0075230729808764794,0.014280898548662662
100,0.00760272878035903,0.013905258156359195
